,env_name,jax,device,ep_random_mean,ep_random_std,batch_random_mean,batch_random_std,ep_ffw_mean,ep_ffw_std,batch_ffw_mean,batch_ffw_std
0,Pendulum-v0,1,cpu,0.0002996969223022461,3.421970263190205e-05,0.001219017505645752,0.0002375268215224861,0.0003660702705383301,3.912650240598891e-05,0.0015352320671081542,0.0021805240364609927
1,CartPole-v0,1,cpu,0.0003343510627746582,3.585745131977881e-05,0.001152169704437256,0.00010155954458726765,0.0004606318473815918,0.00024374719546896984,0.0016484761238098145,0.00014743747214106267
2,MountainCar-v0,1,cpu,0.0004098153114318848,5.2241715155803606e-05,0.0015344738960266114,0.00013929945917503223,0.0004288911819458008,5.4759495308510456e-05,0.0017377257347106934,0.00013553995517484097
3,Acrobot-v1,1,cpu,0.00040756940841674805,5.711871733113061e-05,0.0016196632385253905,0.00015601626708666458,0.0005291771888732911,4.921348106161953e-05,0.0034897184371948243,0.0007273250903789756
4,Catch-bsuite,1,cpu,0.0004491448402404785,6.096433814223453e-05,0.0016852307319641113,0.00018846191264818013,0.0005410027503967285,4.415146016164006e-05,0.003362581729888916,0.00042284108117846507
