,env_name,jax,device,ep_random_mean,ep_random_std,batch_random_mean,batch_random_std,ep_ffw_mean,ep_ffw_std,batch_ffw_mean,batch_ffw_std
0,Pendulum-v0,0,cpu,0.03137221813201904,0.00240392055164755,0.22369741201400756,0.04972839017522811,0.05262351274490357,0.00311606549920081,0.1636887550354004,0.013564129729409844
1,CartPole-v0,0,cpu,0.007640447616577149,0.0005098070224505428,0.07244744539260864,0.004943355889091192,0.05514219045639038,0.003148854612443394,0.18161171436309814,0.047316123738194306
2,MountainCar-v0,0,cpu,0.023821206092834474,0.014040525648102334,0.11637710571289063,0.021730316362904845,0.08985044956207275,0.009985032484722451,0.21553617238998413,0.03306546787212109
3,Acrobot-v1,0,cpu,0.04757121324539185,0.005224955653808958,0.1674129295349121,0.0196183433915962,0.10842864513397217,0.012240700051875646,0.22722219467163085,0.02282500370629306
